langLabel,code,country,countryLabel,speakers
Hausa,ha,http://www.wikidata.org/entity/Q1009,Cameroon,43900000
Māori,mi,http://www.wikidata.org/entity/Q664,New Zealand,160000
Hausa,ha,http://www.wikidata.org/entity/Q962,Benin,43900000
Hausa,ha,http://www.wikidata.org/entity/Q117,Ghana,43900000
Modern Greek,el,http://www.wikidata.org/entity/Q222,Albania,15000000
Hausa,ha,http://www.wikidata.org/entity/Q945,Togo,43900000
Komi,kv,http://www.wikidata.org/entity/Q159,Russia,219100
Modern Greek,el,http://www.wikidata.org/entity/Q41,Greece,15000000
Kurdish,ku,http://www.wikidata.org/entity/Q858,Syria,21000000
Malayalam,ml,http://www.wikidata.org/entity/Q668,India,37100000
Kongo,kg,http://www.wikidata.org/entity/Q971,Republic of the Congo,5016500
Lingala,ln,http://www.wikidata.org/entity/Q971,Republic of the Congo,2000000
Chuvash,cv,http://www.wikidata.org/entity/Q232,Kazakhstan,1279650
Kurdish,ku,http://www.wikidata.org/entity/Q794,Iran,21000000
Chechen,ce,http://www.wikidata.org/entity/Q232,Kazakhstan,1393900
Kurdish,ku,http://www.wikidata.org/entity/Q399,Armenia,21000000
Igbo,ig,http://www.wikidata.org/entity/Q1033,Nigeria,27000000
Cree,cr,http://www.wikidata.org/entity/Q16,Canada,8040
Cree,cr,http://www.wikidata.org/entity/Q16,Canada,10875
Modern Greek,el,http://www.wikidata.org/entity/Q229,Cyprus,15000000
Chuvash,cv,http://www.wikidata.org/entity/Q265,Uzbekistan,1279650
Kongo,kg,http://www.wikidata.org/entity/Q974,Democratic Republic of the Congo,5016500
Bislama,bi,http://www.wikidata.org/entity/Q686,Vanuatu,10000
Lingala,ln,http://www.wikidata.org/entity/Q974,Democratic Republic of the Congo,2000000
Chechen,ce,http://www.wikidata.org/entity/Q458,European Union,1393900
Hausa,ha,http://www.wikidata.org/entity/Q657,Chad,43900000
Hausa,ha,http://www.wikidata.org/entity/Q965,Burkina Faso,43900000
Nuosu,ii,http://www.wikidata.org/entity/Q148,People's Republic of China,2000000
Chuvash,cv,http://www.wikidata.org/entity/Q159,Russia,1279650
Bislama,bi,http://www.wikidata.org/entity/Q142,France,10000
Chechen,ce,http://www.wikidata.org/entity/Q230,Georgia,1393900
Chechen,ce,http://www.wikidata.org/entity/Q43,Turkey,1393900
Gikuyu,ki,http://www.wikidata.org/entity/Q114,Kenya,6623000
Chechen,ce,http://www.wikidata.org/entity/Q810,Jordan,1393900
Limburgish,li,http://www.wikidata.org/entity/Q31,Belgium,1600000
Limburgish,li,http://www.wikidata.org/entity/Q183,Germany,1600000
Fijian,fj,http://www.wikidata.org/entity/Q712,Fiji,320000
Fijian,fj,http://www.wikidata.org/entity/Q712,Fiji,330000
Fijian,fj,http://www.wikidata.org/entity/Q712,Fiji,341270
Hausa,ha,http://www.wikidata.org/entity/Q1033,Nigeria,43900000
Chechen,ce,http://www.wikidata.org/entity/Q159,Russia,1393900
Kurdish,ku,http://www.wikidata.org/entity/Q796,Iraq,21000000
Kurdish,ku,http://www.wikidata.org/entity/Q874,Turkmenistan,21000000
Limburgish,li,http://www.wikidata.org/entity/Q55,Netherlands,1600000
Javanese,jv,http://www.wikidata.org/entity/Q252,Indonesia,68300000
Kurdish,ku,http://www.wikidata.org/entity/Q230,Georgia,21000000
Kurdish,ku,http://www.wikidata.org/entity/Q43,Turkey,21000000
Kongo,kg,http://www.wikidata.org/entity/Q916,Angola,5016500
Chuvash,cv,http://www.wikidata.org/entity/Q212,Ukraine,1279650
Kurdish,ku,http://www.wikidata.org/entity/Q227,Azerbaijan,21000000
Haitian Creole,ht,http://www.wikidata.org/entity/Q790,Haiti,9600000
Hausa,ha,http://www.wikidata.org/entity/Q1032,Niger,43900000
French,fr,http://www.wikidata.org/entity/Q228,Andorra,77200000
French,fr,http://www.wikidata.org/entity/Q262,Algeria,208157220
French,fr,http://www.wikidata.org/entity/Q1008,Ivory Coast,208157220
German,de,http://www.wikidata.org/entity/Q32,Luxembourg,58452300
French,fr,http://www.wikidata.org/entity/Q790,Haiti,208157220
French,fr,http://www.wikidata.org/entity/Q962,Benin,77200000
French,fr,http://www.wikidata.org/entity/Q1027,Mauritius,208157220
German,de,http://www.wikidata.org/entity/Q31,Belgium,58452300
French,fr,http://www.wikidata.org/entity/Q929,Central African Republic,77200000
French,fr,http://www.wikidata.org/entity/Q1032,Niger,208157220
French,fr,http://www.wikidata.org/entity/Q945,Togo,77200000
French,fr,http://www.wikidata.org/entity/Q1042,Seychelles,77200000
German,de,http://www.wikidata.org/entity/Q32,Luxembourg,76540740
German,de,http://www.wikidata.org/entity/Q40,Austria,58452300
French,fr,http://www.wikidata.org/entity/Q974,Democratic Republic of the Congo,208157220
French,fr,http://www.wikidata.org/entity/Q25230,Bailiwick of Guernsey,208157220
French,fr,http://www.wikidata.org/entity/Q1019,Madagascar,208157220
German,de,http://www.wikidata.org/entity/Q39,Switzerland,58452300
French,fr,http://www.wikidata.org/entity/Q1009,Cameroon,208157220
German,de,http://www.wikidata.org/entity/Q31,Belgium,76540740
German,de,http://www.wikidata.org/entity/Q38,Italy,58452300
German,de,http://www.wikidata.org/entity/Q40,Austria,76540740
French,fr,http://www.wikidata.org/entity/Q228,Andorra,208157220
German,de,http://www.wikidata.org/entity/Q39,Switzerland,76540740
French,fr,http://www.wikidata.org/entity/Q1000,Gabon,77200000
French,fr,http://www.wikidata.org/entity/Q962,Benin,208157220
German,de,http://www.wikidata.org/entity/Q38,Italy,76540740
German,de,http://www.wikidata.org/entity/Q142,France,58452300
French,fr,http://www.wikidata.org/entity/Q929,Central African Republic,208157220
French,fr,http://www.wikidata.org/entity/Q945,Togo,208157220
French,fr,http://www.wikidata.org/entity/Q1042,Seychelles,208157220
German,de,http://www.wikidata.org/entity/Q35,Denmark,58452300
French,fr,http://www.wikidata.org/entity/Q970,Comoros,77200000
German,de,http://www.wikidata.org/entity/Q142,France,76540740
German,de,http://www.wikidata.org/entity/Q35,Denmark,76540740
French,fr,http://www.wikidata.org/entity/Q1000,Gabon,208157220
German,de,http://www.wikidata.org/entity/Q36,Poland,58452300
French,fr,http://www.wikidata.org/entity/Q32,Luxembourg,77200000
French,fr,http://www.wikidata.org/entity/Q686,Vanuatu,77200000
French,fr,http://www.wikidata.org/entity/Q912,Mali,77200000
French,fr,http://www.wikidata.org/entity/Q1041,Senegal,77200000
French,fr,http://www.wikidata.org/entity/Q31,Belgium,77200000
German,de,http://www.wikidata.org/entity/Q36,Poland,76540740
French,fr,http://www.wikidata.org/entity/Q235,Monaco,77200000
French,fr,http://www.wikidata.org/entity/Q970,Comoros,208157220
French,fr,http://www.wikidata.org/entity/Q785,Jersey,77200000
French,fr,http://www.wikidata.org/entity/Q39,Switzerland,77200000
French,fr,http://www.wikidata.org/entity/Q977,Djibouti,77200000
French,fr,http://www.wikidata.org/entity/Q237,Vatican City,77200000
French,fr,http://www.wikidata.org/entity/Q38,Italy,77200000
French,fr,http://www.wikidata.org/entity/Q822,Lebanon,77200000
French,fr,http://www.wikidata.org/entity/Q32,Luxembourg,208157220
French,fr,http://www.wikidata.org/entity/Q142,France,77200000
French,fr,http://www.wikidata.org/entity/Q686,Vanuatu,208157220
French,fr,http://www.wikidata.org/entity/Q912,Mali,208157220
French,fr,http://www.wikidata.org/entity/Q1041,Senegal,208157220
French,fr,http://www.wikidata.org/entity/Q31,Belgium,208157220
French,fr,http://www.wikidata.org/entity/Q235,Monaco,208157220
French,fr,http://www.wikidata.org/entity/Q657,Chad,77200000
French,fr,http://www.wikidata.org/entity/Q668,India,77200000
French,fr,http://www.wikidata.org/entity/Q967,Burundi,77200000
French,fr,http://www.wikidata.org/entity/Q785,Jersey,208157220
French,fr,http://www.wikidata.org/entity/Q1006,Guinea,77200000
French,fr,http://www.wikidata.org/entity/Q39,Switzerland,208157220
French,fr,http://www.wikidata.org/entity/Q965,Burkina Faso,77200000
French,fr,http://www.wikidata.org/entity/Q977,Djibouti,208157220
French,fr,http://www.wikidata.org/entity/Q1028,Morocco,77200000
French,fr,http://www.wikidata.org/entity/Q237,Vatican City,208157220
French,fr,http://www.wikidata.org/entity/Q38,Italy,208157220
French,fr,http://www.wikidata.org/entity/Q822,Lebanon,208157220
French,fr,http://www.wikidata.org/entity/Q16,Canada,77200000
French,fr,http://www.wikidata.org/entity/Q881,Vietnam,77200000
French,fr,http://www.wikidata.org/entity/Q983,Equatorial Guinea,77200000
French,fr,http://www.wikidata.org/entity/Q424,Cambodia,77200000
French,fr,http://www.wikidata.org/entity/Q142,France,208157220
French,fr,http://www.wikidata.org/entity/Q971,Republic of the Congo,77200000
French,fr,http://www.wikidata.org/entity/Q657,Chad,208157220
French,fr,http://www.wikidata.org/entity/Q668,India,208157220
French,fr,http://www.wikidata.org/entity/Q967,Burundi,208157220
French,fr,http://www.wikidata.org/entity/Q1006,Guinea,208157220
French,fr,http://www.wikidata.org/entity/Q965,Burkina Faso,208157220
French,fr,http://www.wikidata.org/entity/Q1037,Rwanda,77200000
French,fr,http://www.wikidata.org/entity/Q1028,Morocco,208157220
French,fr,http://www.wikidata.org/entity/Q16,Canada,208157220
French,fr,http://www.wikidata.org/entity/Q1025,Mauritania,77200000
French,fr,http://www.wikidata.org/entity/Q881,Vietnam,208157220
French,fr,http://www.wikidata.org/entity/Q983,Equatorial Guinea,208157220
French,fr,http://www.wikidata.org/entity/Q424,Cambodia,208157220
French,fr,http://www.wikidata.org/entity/Q971,Republic of the Congo,208157220
French,fr,http://www.wikidata.org/entity/Q262,Algeria,77200000
French,fr,http://www.wikidata.org/entity/Q1008,Ivory Coast,77200000
French,fr,http://www.wikidata.org/entity/Q1037,Rwanda,208157220
French,fr,http://www.wikidata.org/entity/Q790,Haiti,77200000
French,fr,http://www.wikidata.org/entity/Q1027,Mauritius,77200000
French,fr,http://www.wikidata.org/entity/Q1032,Niger,77200000
French,fr,http://www.wikidata.org/entity/Q1025,Mauritania,208157220
French,fr,http://www.wikidata.org/entity/Q974,Democratic Republic of the Congo,77200000
French,fr,http://www.wikidata.org/entity/Q25230,Bailiwick of Guernsey,77200000
French,fr,http://www.wikidata.org/entity/Q1019,Madagascar,77200000
French,fr,http://www.wikidata.org/entity/Q1009,Cameroon,77200000
Yiddish,yi,http://www.wikidata.org/entity/Q414,Argentina,1000000
Yiddish,yi,http://www.wikidata.org/entity/Q159,Russia,1000000
Yiddish,yi,http://www.wikidata.org/entity/Q184,Belarus,1000000
Yiddish,yi,http://www.wikidata.org/entity/Q28,Hungary,1000000
Ukrainian,uk,http://www.wikidata.org/entity/Q212,Ukraine,27300000
Turkish,tr,http://www.wikidata.org/entity/Q41,Greece,82231620
Dutch,nl,http://www.wikidata.org/entity/Q31,Belgium,23100000
Dutch,nl,http://www.wikidata.org/entity/Q183,Germany,23100000
Portuguese,pt,http://www.wikidata.org/entity/Q916,Angola,221000000
Portuguese,pt,http://www.wikidata.org/entity/Q916,Angola,254300000
Yiddish,yi,http://www.wikidata.org/entity/Q55,Netherlands,1000000
Portuguese,pt,http://www.wikidata.org/entity/Q45,Portugal,221000000
Portuguese,pt,http://www.wikidata.org/entity/Q45,Portugal,254300000
Portuguese,pt,http://www.wikidata.org/entity/Q155,Brazil,221000000
Portuguese,pt,http://www.wikidata.org/entity/Q155,Brazil,254300000
Yiddish,yi,http://www.wikidata.org/entity/Q142,France,1000000
Yiddish,yi,http://www.wikidata.org/entity/Q34,Sweden,1000000
Portuguese,pt,http://www.wikidata.org/entity/Q865,Taiwan,221000000
Portuguese,pt,http://www.wikidata.org/entity/Q865,Taiwan,254300000
Yiddish,yi,http://www.wikidata.org/entity/Q225,Bosnia and Herzegovina,1000000
Portuguese,pt,http://www.wikidata.org/entity/Q29,Spain,221000000
Portuguese,pt,http://www.wikidata.org/entity/Q29,Spain,254300000
Tamil,ta,http://www.wikidata.org/entity/Q1027,Mauritius,75000000
Dutch,nl,http://www.wikidata.org/entity/Q55,Netherlands,23100000
Yiddish,yi,http://www.wikidata.org/entity/Q16,Canada,1000000
Dutch,nl,http://www.wikidata.org/entity/Q142,France,23100000
Yiddish,yi,http://www.wikidata.org/entity/Q36,Poland,1000000
Portuguese,pt,http://www.wikidata.org/entity/Q1011,Cape Verde,221000000
Portuguese,pt,http://www.wikidata.org/entity/Q1011,Cape Verde,254300000
Yiddish,yi,http://www.wikidata.org/entity/Q800,Costa Rica,1000000
Yiddish,yi,http://www.wikidata.org/entity/Q258,South Africa,1000000
Turkish,tr,http://www.wikidata.org/entity/Q229,Cyprus,5870300
Portuguese,pt,http://www.wikidata.org/entity/Q574,East Timor,221000000
Portuguese,pt,http://www.wikidata.org/entity/Q574,East Timor,254300000
Yiddish,yi,http://www.wikidata.org/entity/Q145,United Kingdom,1000000
Turkish,tr,http://www.wikidata.org/entity/Q23681,Northern Cyprus,5870300
Tamil,ta,http://www.wikidata.org/entity/Q854,Sri Lanka,75000000
Turkish,tr,http://www.wikidata.org/entity/Q229,Cyprus,82231620
Romanian,ro,http://www.wikidata.org/entity/Q212,Ukraine,24300000
Yiddish,yi,http://www.wikidata.org/entity/Q212,Ukraine,1000000
Ukrainian,uk,http://www.wikidata.org/entity/Q30,United States of America,27300000
Turkish,tr,http://www.wikidata.org/entity/Q23681,Northern Cyprus,82231620
Ukrainian,uk,http://www.wikidata.org/entity/Q217,Moldova,27300000
Dutch,nl,http://www.wikidata.org/entity/Q730,Suriname,23100000
Dutch,nl,http://www.wikidata.org/entity/Q27561,Caribbean Netherlands,23100000
Ukrainian,uk,http://www.wikidata.org/entity/Q232,Kazakhstan,27300000
Swedish,sv,http://www.wikidata.org/entity/Q33,Finland,3118000
Swedish,sv,http://www.wikidata.org/entity/Q33,Finland,9244250
Portuguese,pt,http://www.wikidata.org/entity/Q1039,São Tomé and Príncipe,221000000
Portuguese,pt,http://www.wikidata.org/entity/Q1039,São Tomé and Príncipe,254300000
Yiddish,yi,http://www.wikidata.org/entity/Q211,Latvia,1000000
Yiddish,yi,http://www.wikidata.org/entity/Q37,Lithuania,1000000
Telugu,te,http://www.wikidata.org/entity/Q668,India,82000000
Polish,pl,http://www.wikidata.org/entity/Q36,Poland,39700000
Swedish,sv,http://www.wikidata.org/entity/Q34,Sweden,3118000
Swedish,sv,http://www.wikidata.org/entity/Q34,Sweden,9244250
Dutch,nl,http://www.wikidata.org/entity/Q25279,Curaçao,23100000
Dutch,nl,http://www.wikidata.org/entity/Q26273,Sint Maarten,23100000
Dutch,nl,http://www.wikidata.org/entity/Q29999,Kingdom of the Netherlands,23100000
Yiddish,yi,http://www.wikidata.org/entity/Q30,United States of America,1000000
Ukrainian,uk,http://www.wikidata.org/entity/Q218,Romania,27300000
Romanian,ro,http://www.wikidata.org/entity/Q217,Moldova,24300000
Ukrainian,uk,http://www.wikidata.org/entity/Q403,Serbia,27300000
Yiddish,yi,http://www.wikidata.org/entity/Q217,Moldova,1000000
Dutch,nl,http://www.wikidata.org/entity/Q21203,Aruba,23100000
Ukrainian,uk,http://www.wikidata.org/entity/Q159,Russia,27300000
Ukrainian,uk,http://www.wikidata.org/entity/Q184,Belarus,27300000
Ukrainian,uk,http://www.wikidata.org/entity/Q28,Hungary,27300000
Portuguese,pt,http://www.wikidata.org/entity/Q1029,Mozambique,221000000
Portuguese,pt,http://www.wikidata.org/entity/Q1029,Mozambique,254300000
Tamil,ta,http://www.wikidata.org/entity/Q114,Kenya,75000000
Portuguese,pt,http://www.wikidata.org/entity/Q1007,Guinea-Bissau,221000000
Portuguese,pt,http://www.wikidata.org/entity/Q1007,Guinea-Bissau,254300000
Tamil,ta,http://www.wikidata.org/entity/Q668,India,75000000
Turkish,tr,http://www.wikidata.org/entity/Q43,Turkey,5870300
Ukrainian,uk,http://www.wikidata.org/entity/Q213,Czech Republic,27300000
Turkish,tr,http://www.wikidata.org/entity/Q43,Turkey,82231620
Tamil,ta,http://www.wikidata.org/entity/Q833,Malaysia,75000000
Ukrainian,uk,http://www.wikidata.org/entity/Q16,Canada,27300000
Turkish,tr,http://www.wikidata.org/entity/Q219,Bulgaria,5870300
Ukrainian,uk,http://www.wikidata.org/entity/Q36,Poland,27300000
Romanian,ro,http://www.wikidata.org/entity/Q218,Romania,24300000
Yiddish,yi,http://www.wikidata.org/entity/Q801,Israel,1000000
Yiddish,yi,http://www.wikidata.org/entity/Q31,Belgium,1000000
Yiddish,yi,http://www.wikidata.org/entity/Q155,Brazil,1000000
Yiddish,yi,http://www.wikidata.org/entity/Q183,Germany,1000000
Yiddish,yi,http://www.wikidata.org/entity/Q96,Mexico,1000000
Yiddish,yi,http://www.wikidata.org/entity/Q218,Romania,1000000
Tamil,ta,http://www.wikidata.org/entity/Q258,South Africa,75000000
Romanian,ro,http://www.wikidata.org/entity/Q403,Serbia,24300000
Tamil,ta,http://www.wikidata.org/entity/Q334,Singapore,75000000
Turkish,tr,http://www.wikidata.org/entity/Q219,Bulgaria,82231620
Ukrainian,uk,http://www.wikidata.org/entity/Q214,Slovakia,27300000
Yiddish,yi,http://www.wikidata.org/entity/Q408,Australia,1000000
Yiddish,yi,http://www.wikidata.org/entity/Q191,Estonia,1000000
Yiddish,yi,http://www.wikidata.org/entity/Q804,Panama,1000000
Yiddish,yi,http://www.wikidata.org/entity/Q77,Uruguay,1000000
Yiddish,yi,http://www.wikidata.org/entity/Q40,Austria,1000000
Turkish,tr,http://www.wikidata.org/entity/Q41,Greece,5870300
Yiddish,yi,http://www.wikidata.org/entity/Q39,Switzerland,1000000
Italian,it,http://www.wikidata.org/entity/Q39,Switzerland,64800000
Italian,it,http://www.wikidata.org/entity/Q237,Vatican City,64800000
English,en,http://www.wikidata.org/entity/Q117,Ghana,379007140
Italian,it,http://www.wikidata.org/entity/Q238,San Marino,64800000
Spanish,es,http://www.wikidata.org/entity/Q792,El Salvador,480000000
English,en,http://www.wikidata.org/entity/Q30,United States of America,379007140
English,en,http://www.wikidata.org/entity/Q242,Belize,379007140
Italian,it,http://www.wikidata.org/entity/Q38,Italy,64800000
German,de,http://www.wikidata.org/entity/Q183,Germany,58452300
German,de,http://www.wikidata.org/entity/Q183,Germany,76540740
English,en,http://www.wikidata.org/entity/Q244,Barbados,753359540
Icelandic,is,http://www.wikidata.org/entity/Q35,Denmark,321040
English,en,http://www.wikidata.org/entity/Q115,Ethiopia,753359540
Finnish,fi,http://www.wikidata.org/entity/Q33,Finland,272000
Finnish,fi,http://www.wikidata.org/entity/Q33,Finland,5413380
Finnish,fi,http://www.wikidata.org/entity/Q191,Estonia,272000
Finnish,fi,http://www.wikidata.org/entity/Q191,Estonia,5413380
English,en,http://www.wikidata.org/entity/Q27,Republic of Ireland,379007140
Icelandic,is,http://www.wikidata.org/entity/Q16,Canada,321040
German,de,http://www.wikidata.org/entity/Q347,Liechtenstein,58452300
Finnish,fi,http://www.wikidata.org/entity/Q159,Russia,272000
German,de,http://www.wikidata.org/entity/Q213,Czech Republic,58452300
Finnish,fi,http://www.wikidata.org/entity/Q159,Russia,5413380
Spanish,es,http://www.wikidata.org/entity/Q298,Chile,480000000
Spanish,es,http://www.wikidata.org/entity/Q96,Mexico,480000000
English,en,http://www.wikidata.org/entity/Q117,Ghana,753359540
Spanish,es,http://www.wikidata.org/entity/Q241,Cuba,480000000
Spanish,es,http://www.wikidata.org/entity/Q804,Panama,480000000
Spanish,es,http://www.wikidata.org/entity/Q77,Uruguay,480000000
German,de,http://www.wikidata.org/entity/Q347,Liechtenstein,76540740
German,de,http://www.wikidata.org/entity/Q213,Czech Republic,76540740
English,en,http://www.wikidata.org/entity/Q30,United States of America,753359540
English,en,http://www.wikidata.org/entity/Q242,Belize,753359540
Finnish,fi,http://www.wikidata.org/entity/Q34,Sweden,272000
Finnish,fi,http://www.wikidata.org/entity/Q34,Sweden,5413380
Spanish,es,http://www.wikidata.org/entity/Q414,Argentina,480000000
Spanish,es,http://www.wikidata.org/entity/Q419,Peru,480000000
English,en,http://www.wikidata.org/entity/Q398,Bahrain,379007140
English,en,http://www.wikidata.org/entity/Q686,Vanuatu,379007140
English,en,http://www.wikidata.org/entity/Q697,Nauru,379007140
English,en,http://www.wikidata.org/entity/Q233,Malta,379007140
English,en,http://www.wikidata.org/entity/Q672,Tuvalu,379007140
Marathi,mr,http://www.wikidata.org/entity/Q668,India,83100000
English,en,http://www.wikidata.org/entity/Q695,Palau,379007140
Spanish,es,http://www.wikidata.org/entity/Q29,Spain,480000000
English,en,http://www.wikidata.org/entity/Q685,Solomon Islands,379007140
English,en,http://www.wikidata.org/entity/Q408,Australia,379007140
Spanish,es,http://www.wikidata.org/entity/Q736,Ecuador,480000000
English,en,http://www.wikidata.org/entity/Q664,New Zealand,379007140
Spanish,es,http://www.wikidata.org/entity/Q733,Paraguay,480000000
Latin,la,http://www.wikidata.org/entity/Q237,Vatican City,100
Spanish,es,http://www.wikidata.org/entity/Q750,Bolivia,480000000
Spanish,es,http://www.wikidata.org/entity/Q783,Honduras,480000000
Spanish,es,http://www.wikidata.org/entity/Q811,Nicaragua,480000000
Spanish,es,http://www.wikidata.org/entity/Q717,Venezuela,480000000
English,en,http://www.wikidata.org/entity/Q114,Kenya,379007140
Finnish,fi,http://www.wikidata.org/entity/Q20,Norway,272000
English,en,http://www.wikidata.org/entity/Q27,Republic of Ireland,753359540
Finnish,fi,http://www.wikidata.org/entity/Q20,Norway,5413380
English,en,http://www.wikidata.org/entity/Q683,Samoa,379007140
English,en,http://www.wikidata.org/entity/Q668,India,379007140
Icelandic,is,http://www.wikidata.org/entity/Q189,Iceland,321040
Spanish,es,http://www.wikidata.org/entity/Q1410,Gibraltar,480000000
Spanish,es,http://www.wikidata.org/entity/Q739,Colombia,480000000
Spanish,es,http://www.wikidata.org/entity/Q774,Guatemala,480000000
Spanish,es,http://www.wikidata.org/entity/Q983,Equatorial Guinea,480000000
Spanish,es,http://www.wikidata.org/entity/Q800,Costa Rica,480000000
English,en,http://www.wikidata.org/entity/Q16,Canada,379007140
English,en,http://www.wikidata.org/entity/Q398,Bahrain,753359540
English,en,http://www.wikidata.org/entity/Q686,Vanuatu,753359540
English,en,http://www.wikidata.org/entity/Q691,Papua New Guinea,379007140
English,en,http://www.wikidata.org/entity/Q697,Nauru,753359540
English,en,http://www.wikidata.org/entity/Q233,Malta,753359540
English,en,http://www.wikidata.org/entity/Q672,Tuvalu,753359540
English,en,http://www.wikidata.org/entity/Q695,Palau,753359540
English,en,http://www.wikidata.org/entity/Q685,Solomon Islands,753359540
English,en,http://www.wikidata.org/entity/Q408,Australia,753359540
English,en,http://www.wikidata.org/entity/Q424,Cambodia,379007140
English,en,http://www.wikidata.org/entity/Q664,New Zealand,753359540
English,en,http://www.wikidata.org/entity/Q258,South Africa,379007140
English,en,http://www.wikidata.org/entity/Q334,Singapore,379007140
Spanish,es,http://www.wikidata.org/entity/Q786,Dominican Republic,480000000
English,en,http://www.wikidata.org/entity/Q145,United Kingdom,379007140
Icelandic,is,http://www.wikidata.org/entity/Q30,United States of America,321040
English,en,http://www.wikidata.org/entity/Q678,Tonga,379007140
English,en,http://www.wikidata.org/entity/Q114,Kenya,753359540
English,en,http://www.wikidata.org/entity/Q683,Samoa,753359540
English,en,http://www.wikidata.org/entity/Q668,India,753359540
English,en,http://www.wikidata.org/entity/Q16,Canada,753359540
English,en,http://www.wikidata.org/entity/Q244,Barbados,379007140
English,en,http://www.wikidata.org/entity/Q691,Papua New Guinea,753359540
Spanish,es,http://www.wikidata.org/entity/Q228,Andorra,480000000
English,en,http://www.wikidata.org/entity/Q115,Ethiopia,379007140
English,en,http://www.wikidata.org/entity/Q424,Cambodia,753359540
English,en,http://www.wikidata.org/entity/Q258,South Africa,753359540
English,en,http://www.wikidata.org/entity/Q334,Singapore,753359540
English,en,http://www.wikidata.org/entity/Q145,United Kingdom,753359540
Spanish,es,http://www.wikidata.org/entity/Q30,United States of America,480000000
Spanish,es,http://www.wikidata.org/entity/Q242,Belize,480000000
English,en,http://www.wikidata.org/entity/Q678,Tonga,753359540
English,en,http://www.wikidata.org/entity/Q854,Sri Lanka,379007140
English,en,http://www.wikidata.org/entity/Q1014,Liberia,753359540
English,en,http://www.wikidata.org/entity/Q760,Saint Lucia,379007140
English,en,http://www.wikidata.org/entity/Q1036,Uganda,753359540
English,en,http://www.wikidata.org/entity/Q702,Federated States of Micronesia,379007140
English,en,http://www.wikidata.org/entity/Q710,Kiribati,379007140
English,en,http://www.wikidata.org/entity/Q917,Bhutan,753359540
English,en,http://www.wikidata.org/entity/Q1013,Lesotho,379007140
English,en,http://www.wikidata.org/entity/Q1042,Seychelles,379007140
English,en,http://www.wikidata.org/entity/Q1030,Namibia,379007140
English,en,http://www.wikidata.org/entity/Q958,South Sudan,753359540
English,en,http://www.wikidata.org/entity/Q778,The Bahamas,379007140
English,en,http://www.wikidata.org/entity/Q763,Saint Kitts and Nevis,753359540
English,en,http://www.wikidata.org/entity/Q826,Maldives,753359540
English,en,http://www.wikidata.org/entity/Q1050,Eswatini,379007140
English,en,http://www.wikidata.org/entity/Q1020,Malawi,379007140
English,en,http://www.wikidata.org/entity/Q924,Tanzania,753359540
English,en,http://www.wikidata.org/entity/Q1027,Mauritius,753359540
English,en,http://www.wikidata.org/entity/Q1005,The Gambia,379007140
English,en,http://www.wikidata.org/entity/Q1019,Madagascar,753359540
English,en,http://www.wikidata.org/entity/Q1009,Cameroon,753359540
English,en,http://www.wikidata.org/entity/Q9648,Falkland Islands,379007140
English,en,http://www.wikidata.org/entity/Q854,Sri Lanka,753359540
English,en,http://www.wikidata.org/entity/Q760,Saint Lucia,753359540
English,en,http://www.wikidata.org/entity/Q953,Zambia,379007140
English,en,http://www.wikidata.org/entity/Q734,Guyana,379007140
English,en,http://www.wikidata.org/entity/Q702,Federated States of Micronesia,753359540
English,en,http://www.wikidata.org/entity/Q710,Kiribati,753359540
English,en,http://www.wikidata.org/entity/Q1013,Lesotho,753359540
English,en,http://www.wikidata.org/entity/Q1042,Seychelles,753359540
English,en,http://www.wikidata.org/entity/Q1030,Namibia,753359540
English,en,http://www.wikidata.org/entity/Q778,The Bahamas,753359540
English,en,http://www.wikidata.org/entity/Q801,Israel,379007140
English,en,http://www.wikidata.org/entity/Q878,United Arab Emirates,379007140
English,en,http://www.wikidata.org/entity/Q1044,Sierra Leone,379007140
English,en,http://www.wikidata.org/entity/Q1049,Sudan,379007140
English,en,http://www.wikidata.org/entity/Q1050,Eswatini,753359540
English,en,http://www.wikidata.org/entity/Q712,Fiji,379007140
English,en,http://www.wikidata.org/entity/Q921,Brunei,379007140
English,en,http://www.wikidata.org/entity/Q785,Jersey,379007140
English,en,http://www.wikidata.org/entity/Q1020,Malawi,753359540
English,en,http://www.wikidata.org/entity/Q986,Eritrea,379007140
English,en,http://www.wikidata.org/entity/Q784,Dominica,379007140
English,en,http://www.wikidata.org/entity/Q766,Jamaica,379007140
English,en,http://www.wikidata.org/entity/Q822,Lebanon,379007140
English,en,http://www.wikidata.org/entity/Q1005,The Gambia,753359540
English,en,http://www.wikidata.org/entity/Q757,Saint Vincent and the Grenadines,379007140
English,en,http://www.wikidata.org/entity/Q9648,Falkland Islands,753359540
English,en,http://www.wikidata.org/entity/Q769,Grenada,379007140
English,en,http://www.wikidata.org/entity/Q953,Zambia,753359540
English,en,http://www.wikidata.org/entity/Q734,Guyana,753359540
English,en,http://www.wikidata.org/entity/Q843,Pakistan,379007140
English,en,http://www.wikidata.org/entity/Q842,Oman,379007140
English,en,http://www.wikidata.org/entity/Q833,Malaysia,379007140
English,en,http://www.wikidata.org/entity/Q963,Botswana,379007140
English,en,http://www.wikidata.org/entity/Q1410,Gibraltar,379007140
English,en,http://www.wikidata.org/entity/Q801,Israel,753359540
English,en,http://www.wikidata.org/entity/Q878,United Arab Emirates,753359540
English,en,http://www.wikidata.org/entity/Q1044,Sierra Leone,753359540
English,en,http://www.wikidata.org/entity/Q1049,Sudan,753359540
English,en,http://www.wikidata.org/entity/Q712,Fiji,753359540
English,en,http://www.wikidata.org/entity/Q928,Philippines,379007140
English,en,http://www.wikidata.org/entity/Q1033,Nigeria,379007140
English,en,http://www.wikidata.org/entity/Q921,Brunei,753359540
English,en,http://www.wikidata.org/entity/Q781,Antigua and Barbuda,379007140
English,en,http://www.wikidata.org/entity/Q785,Jersey,753359540
English,en,http://www.wikidata.org/entity/Q986,Eritrea,753359540
English,en,http://www.wikidata.org/entity/Q954,Zimbabwe,379007140
English,en,http://www.wikidata.org/entity/Q754,Trinidad and Tobago,379007140
English,en,http://www.wikidata.org/entity/Q784,Dominica,753359540
English,en,http://www.wikidata.org/entity/Q709,Marshall Islands,379007140
English,en,http://www.wikidata.org/entity/Q5785,Cayman Islands,379007140
English,en,http://www.wikidata.org/entity/Q1037,Rwanda,379007140
English,en,http://www.wikidata.org/entity/Q766,Jamaica,753359540
English,en,http://www.wikidata.org/entity/Q822,Lebanon,753359540
English,en,http://www.wikidata.org/entity/Q1014,Liberia,379007140
English,en,http://www.wikidata.org/entity/Q757,Saint Vincent and the Grenadines,753359540
English,en,http://www.wikidata.org/entity/Q1036,Uganda,379007140
English,en,http://www.wikidata.org/entity/Q917,Bhutan,379007140
English,en,http://www.wikidata.org/entity/Q958,South Sudan,379007140
English,en,http://www.wikidata.org/entity/Q769,Grenada,753359540
English,en,http://www.wikidata.org/entity/Q763,Saint Kitts and Nevis,379007140
English,en,http://www.wikidata.org/entity/Q826,Maldives,379007140
English,en,http://www.wikidata.org/entity/Q843,Pakistan,753359540
English,en,http://www.wikidata.org/entity/Q842,Oman,753359540
English,en,http://www.wikidata.org/entity/Q924,Tanzania,379007140
English,en,http://www.wikidata.org/entity/Q833,Malaysia,753359540
English,en,http://www.wikidata.org/entity/Q963,Botswana,753359540
English,en,http://www.wikidata.org/entity/Q1027,Mauritius,379007140
English,en,http://www.wikidata.org/entity/Q1410,Gibraltar,753359540
English,en,http://www.wikidata.org/entity/Q928,Philippines,753359540
English,en,http://www.wikidata.org/entity/Q1033,Nigeria,753359540
English,en,http://www.wikidata.org/entity/Q781,Antigua and Barbuda,753359540
English,en,http://www.wikidata.org/entity/Q1019,Madagascar,379007140
English,en,http://www.wikidata.org/entity/Q954,Zimbabwe,753359540
English,en,http://www.wikidata.org/entity/Q1009,Cameroon,379007140
English,en,http://www.wikidata.org/entity/Q754,Trinidad and Tobago,753359540
English,en,http://www.wikidata.org/entity/Q709,Marshall Islands,753359540
English,en,http://www.wikidata.org/entity/Q5785,Cayman Islands,753359540
English,en,http://www.wikidata.org/entity/Q1037,Rwanda,753359540
Georgian,ka,http://www.wikidata.org/entity/Q43,Turkey,3700000
Georgian,ka,http://www.wikidata.org/entity/Q227,Azerbaijan,3700000
English,en,http://www.wikidata.org/entity/Q192184,"Saint Helena, Ascension and Tristan da Cunha",379007140
Bulgarian,bg,http://www.wikidata.org/entity/Q222,Albania,9000000
Bulgarian,bg,http://www.wikidata.org/entity/Q159,Russia,9000000
English,en,http://www.wikidata.org/entity/Q25228,Anguilla,753359540
Bulgarian,bg,http://www.wikidata.org/entity/Q219,Bulgaria,9000000
Georgian,ka,http://www.wikidata.org/entity/Q159,Russia,3700000
Luxembourgish,lb,http://www.wikidata.org/entity/Q32,Luxembourg,79000
Luxembourgish,lb,http://www.wikidata.org/entity/Q32,Luxembourg,303000
Luxembourgish,lb,http://www.wikidata.org/entity/Q32,Luxembourg,391200
English,en,http://www.wikidata.org/entity/Q18221,Turks and Caicos Islands,753359540
Luxembourgish,lb,http://www.wikidata.org/entity/Q31,Belgium,79000
Luxembourgish,lb,http://www.wikidata.org/entity/Q31,Belgium,303000
Luxembourgish,lb,http://www.wikidata.org/entity/Q31,Belgium,391200
Luxembourgish,lb,http://www.wikidata.org/entity/Q183,Germany,79000
Danish,da,http://www.wikidata.org/entity/Q183,Germany,6000000
Danish,da,http://www.wikidata.org/entity/Q183,Germany,5520860
Danish,da,http://www.wikidata.org/entity/Q183,Germany,5621380
English,en,http://www.wikidata.org/entity/Q9676,Isle of Man,753359540
Danish,da,http://www.wikidata.org/entity/Q223,Greenland,6000000
Danish,da,http://www.wikidata.org/entity/Q223,Greenland,5520860
Danish,da,http://www.wikidata.org/entity/Q223,Greenland,5621380
Abkhaz,ab,http://www.wikidata.org/entity/Q858,Syria,190110
English,en,http://www.wikidata.org/entity/Q26988,Cook Islands,379007140
Bulgarian,bg,http://www.wikidata.org/entity/Q41,Greece,9000000
English,en,http://www.wikidata.org/entity/Q36823,Tokelau,379007140
English,en,http://www.wikidata.org/entity/Q26273,Sint Maarten,753359540
English,en,http://www.wikidata.org/entity/Q126125,Saint Martin,753359540
English,en,http://www.wikidata.org/entity/Q25230,Bailiwick of Guernsey,753359540
English,en,http://www.wikidata.org/entity/Q25305,British Virgin Islands,753359540
Luxembourgish,lb,http://www.wikidata.org/entity/Q142,France,79000
Luxembourgish,lb,http://www.wikidata.org/entity/Q142,France,303000
Luxembourgish,lb,http://www.wikidata.org/entity/Q142,France,391200
Catalan,ca,http://www.wikidata.org/entity/Q29,Spain,5100000
English,en,http://www.wikidata.org/entity/Q21203,Aruba,753359540
Catalan,ca,http://www.wikidata.org/entity/Q29,Spain,4079420
English,en,http://www.wikidata.org/entity/Q34020,Niue,379007140
Catalan,ca,http://www.wikidata.org/entity/Q38,Italy,5100000
English,en,http://www.wikidata.org/entity/Q35672,Pitcairn Islands,379007140
Catalan,ca,http://www.wikidata.org/entity/Q38,Italy,4079420
Danish,da,http://www.wikidata.org/entity/Q35,Denmark,6000000
Danish,da,http://www.wikidata.org/entity/Q35,Denmark,5520860
Danish,da,http://www.wikidata.org/entity/Q35,Denmark,5621380
Bulgarian,bg,http://www.wikidata.org/entity/Q221,North Macedonia,9000000
English,en,http://www.wikidata.org/entity/Q192184,"Saint Helena, Ascension and Tristan da Cunha",753359540
Aymara,ay,http://www.wikidata.org/entity/Q298,Chile,4000000
Catalan,ca,http://www.wikidata.org/entity/Q142,France,5100000
Catalan,ca,http://www.wikidata.org/entity/Q142,France,4079420
English,en,http://www.wikidata.org/entity/Q13353,Montserrat,379007140
Bulgarian,bg,http://www.wikidata.org/entity/Q212,Ukraine,9000000
English,en,http://www.wikidata.org/entity/Q43448,British Indian Ocean Territory,379007140
Abkhaz,ab,http://www.wikidata.org/entity/Q31354462,Republic of Abkhazia,190110
Aymara,ay,http://www.wikidata.org/entity/Q419,Peru,4000000
Basque,eu,http://www.wikidata.org/entity/Q29,Spain,750000
English,en,http://www.wikidata.org/entity/Q26988,Cook Islands,753359540
English,en,http://www.wikidata.org/entity/Q36823,Tokelau,753359540
Georgian,ka,http://www.wikidata.org/entity/Q794,Iran,3700000
Basque,eu,http://www.wikidata.org/entity/Q142,France,750000
English,en,http://www.wikidata.org/entity/Q11703,United States Virgin Islands,379007140
Aymara,ay,http://www.wikidata.org/entity/Q750,Bolivia,4000000
English,en,http://www.wikidata.org/entity/Q16641,American Samoa,379007140
English,en,http://www.wikidata.org/entity/Q34020,Niue,753359540
English,en,http://www.wikidata.org/entity/Q35672,Pitcairn Islands,753359540
Georgian,ka,http://www.wikidata.org/entity/Q399,Armenia,3700000
Gujarati,gu,http://www.wikidata.org/entity/Q668,India,56400000
English,en,http://www.wikidata.org/entity/Q23635,Bermuda,379007140
English,en,http://www.wikidata.org/entity/Q13353,Montserrat,753359540
English,en,http://www.wikidata.org/entity/Q43448,British Indian Ocean Territory,753359540
Bulgarian,bg,http://www.wikidata.org/entity/Q217,Moldova,9000000
Abkhaz,ab,http://www.wikidata.org/entity/Q796,Iraq,190110
English,en,http://www.wikidata.org/entity/Q11703,United States Virgin Islands,753359540
Danish,da,http://www.wikidata.org/entity/Q756617,Kingdom of Denmark,6000000
Danish,da,http://www.wikidata.org/entity/Q756617,Kingdom of Denmark,5520860
Danish,da,http://www.wikidata.org/entity/Q756617,Kingdom of Denmark,5621380
English,en,http://www.wikidata.org/entity/Q16641,American Samoa,753359540
English,en,http://www.wikidata.org/entity/Q25228,Anguilla,379007140
Catalan,ca,http://www.wikidata.org/entity/Q228,Andorra,5100000
Catalan,ca,http://www.wikidata.org/entity/Q228,Andorra,4079420
English,en,http://www.wikidata.org/entity/Q18221,Turks and Caicos Islands,379007140
Abkhaz,ab,http://www.wikidata.org/entity/Q230,Georgia,190110
Abkhaz,ab,http://www.wikidata.org/entity/Q43,Turkey,190110
English,en,http://www.wikidata.org/entity/Q9676,Isle of Man,379007140
Abkhaz,ab,http://www.wikidata.org/entity/Q810,Jordan,190110
English,en,http://www.wikidata.org/entity/Q23635,Bermuda,753359540
English,en,http://www.wikidata.org/entity/Q26273,Sint Maarten,379007140
Abkhaz,ab,http://www.wikidata.org/entity/Q159,Russia,190110
English,en,http://www.wikidata.org/entity/Q126125,Saint Martin,379007140
English,en,http://www.wikidata.org/entity/Q25230,Bailiwick of Guernsey,379007140
English,en,http://www.wikidata.org/entity/Q25305,British Virgin Islands,379007140
Malagasy,mg,http://www.wikidata.org/entity/Q1019,Madagascar,18000000
Bulgarian,bg,http://www.wikidata.org/entity/Q218,Romania,9000000
Bulgarian,bg,http://www.wikidata.org/entity/Q43,Turkey,9000000
English,en,http://www.wikidata.org/entity/Q21203,Aruba,379007140
Danish,da,http://www.wikidata.org/entity/Q4628,Faroe Islands,6000000
Bulgarian,bg,http://www.wikidata.org/entity/Q403,Serbia,9000000
Georgian,ka,http://www.wikidata.org/entity/Q230,Georgia,3700000
Aragonese,an,http://www.wikidata.org/entity/Q29,Spain,8500
Danish,da,http://www.wikidata.org/entity/Q4628,Faroe Islands,5520860
Danish,da,http://www.wikidata.org/entity/Q4628,Faroe Islands,5621380
Navajo,nv,http://www.wikidata.org/entity/Q30,United States of America,169369
Avestan,ae,http://www.wikidata.org/entity/Q794,Iran,0
Zulu,zu,http://www.wikidata.org/entity/Q258,South Africa,12100000
Sanskrit,sa,http://www.wikidata.org/entity/Q668,India,2212
Sanskrit,sa,http://www.wikidata.org/entity/Q668,India,26490
Sanskrit,sa,http://www.wikidata.org/entity/Q668,India,6106
Sanskrit,sa,http://www.wikidata.org/entity/Q668,India,14135
Sanskrit,sa,http://www.wikidata.org/entity/Q668,India,49736
Ojibwe,oj,http://www.wikidata.org/entity/Q30,United States of America,20470
Northern Sami,se,http://www.wikidata.org/entity/Q33,Finland,20000
Northern Sami,se,http://www.wikidata.org/entity/Q33,Finland,4000
Northern Sami,se,http://www.wikidata.org/entity/Q33,Finland,1700
Northern Sami,se,http://www.wikidata.org/entity/Q33,Finland,25700
Chewa,ny,http://www.wikidata.org/entity/Q953,Zambia,12000000
Slovene,sl,http://www.wikidata.org/entity/Q30,United States of America,2400000
Slovak,sk,http://www.wikidata.org/entity/Q214,Slovakia,6000000
Tajik,tg,http://www.wikidata.org/entity/Q265,Uzbekistan,14000000
Northern Sami,se,http://www.wikidata.org/entity/Q34,Sweden,20000
Northern Sami,se,http://www.wikidata.org/entity/Q34,Sweden,4000
Northern Sami,se,http://www.wikidata.org/entity/Q34,Sweden,1700
Northern Sami,se,http://www.wikidata.org/entity/Q34,Sweden,25700
Somali,so,http://www.wikidata.org/entity/Q115,Ethiopia,16200000
Tajik,tg,http://www.wikidata.org/entity/Q863,Tajikistan,14000000
Slovak,sk,http://www.wikidata.org/entity/Q212,Ukraine,6000000
Kirundi,rn,http://www.wikidata.org/entity/Q967,Burundi,10800000
Odia,or,http://www.wikidata.org/entity/Q668,India,34500000
Afar,aa,http://www.wikidata.org/entity/Q986,Eritrea,1600000
Thai,th,http://www.wikidata.org/entity/Q869,Thailand,20700000
Somali,so,http://www.wikidata.org/entity/Q34754,Somaliland,16200000
Afar,aa,http://www.wikidata.org/entity/Q977,Djibouti,1600000
Xhosa,xh,http://www.wikidata.org/entity/Q1013,Lesotho,8177300
Norwegian,no,http://www.wikidata.org/entity/Q20,Norway,5200000
Herero,hz,http://www.wikidata.org/entity/Q963,Botswana,237000
Tajik,tg,http://www.wikidata.org/entity/Q889,Afghanistan,14000000
Kinyarwanda,rw,http://www.wikidata.org/entity/Q1037,Rwanda,12100000
Oromo,om,http://www.wikidata.org/entity/Q1045,Somalia,24000000
Northern Sami,se,http://www.wikidata.org/entity/Q20,Norway,20000
Northern Sami,se,http://www.wikidata.org/entity/Q20,Norway,4000
Northern Sami,se,http://www.wikidata.org/entity/Q20,Norway,1700
Northern Sami,se,http://www.wikidata.org/entity/Q20,Norway,25700
Zulu,zu,http://www.wikidata.org/entity/Q1029,Mozambique,12100000
Zulu,zu,http://www.wikidata.org/entity/Q1013,Lesotho,12100000
Kinyarwanda,rw,http://www.wikidata.org/entity/Q1036,Uganda,12100000
Slovene,sl,http://www.wikidata.org/entity/Q183,Germany,2400000
Romansh,rm,http://www.wikidata.org/entity/Q39,Switzerland,40039
Slovene,sl,http://www.wikidata.org/entity/Q40,Austria,2400000
Oromo,om,http://www.wikidata.org/entity/Q114,Kenya,24000000
Slovene,sl,http://www.wikidata.org/entity/Q414,Argentina,2400000
Tatar,tt,http://www.wikidata.org/entity/Q159,Russia,5200000
Nauruan,na,http://www.wikidata.org/entity/Q697,Nauru,1000
Nauruan,na,http://www.wikidata.org/entity/Q697,Nauru,9300
Kirundi,rn,http://www.wikidata.org/entity/Q1036,Uganda,10800000
Swedish,sv,http://www.wikidata.org/entity/Q5689,Åland Islands,3118000
Slovene,sl,http://www.wikidata.org/entity/Q38,Italy,2400000
Swedish,sv,http://www.wikidata.org/entity/Q5689,Åland Islands,9244250
Slovene,sl,http://www.wikidata.org/entity/Q28,Hungary,2400000
Kinyarwanda,rw,http://www.wikidata.org/entity/Q974,Democratic Republic of the Congo,12100000
Thai,th,http://www.wikidata.org/entity/Q424,Cambodia,20700000
Kirundi,rn,http://www.wikidata.org/entity/Q924,Tanzania,10800000
Occitan,oc,http://www.wikidata.org/entity/Q235,Monaco,30000
Occitan,oc,http://www.wikidata.org/entity/Q235,Monaco,110000
Occitan,oc,http://www.wikidata.org/entity/Q235,Monaco,526000
Occitan,oc,http://www.wikidata.org/entity/Q235,Monaco,542000
Ojibwe,oj,http://www.wikidata.org/entity/Q16,Canada,20470
Sango,sg,http://www.wikidata.org/entity/Q657,Chad,500000
Sango,sg,http://www.wikidata.org/entity/Q657,Chad,599000
Kirundi,rn,http://www.wikidata.org/entity/Q974,Democratic Republic of the Congo,10800000
Occitan,oc,http://www.wikidata.org/entity/Q29,Spain,30000
Occitan,oc,http://www.wikidata.org/entity/Q29,Spain,110000
Occitan,oc,http://www.wikidata.org/entity/Q29,Spain,526000
Occitan,oc,http://www.wikidata.org/entity/Q29,Spain,542000
Occitan,oc,http://www.wikidata.org/entity/Q38,Italy,30000
Occitan,oc,http://www.wikidata.org/entity/Q38,Italy,110000
Occitan,oc,http://www.wikidata.org/entity/Q38,Italy,526000
Occitan,oc,http://www.wikidata.org/entity/Q38,Italy,542000
Slovene,sl,http://www.wikidata.org/entity/Q16,Canada,2400000
Somali,so,http://www.wikidata.org/entity/Q1045,Somalia,16200000
Somali,so,http://www.wikidata.org/entity/Q977,Djibouti,16200000
Slovene,sl,http://www.wikidata.org/entity/Q224,Croatia,2400000
Occitan,oc,http://www.wikidata.org/entity/Q142,France,30000
Occitan,oc,http://www.wikidata.org/entity/Q142,France,110000
Occitan,oc,http://www.wikidata.org/entity/Q142,France,526000
Occitan,oc,http://www.wikidata.org/entity/Q142,France,542000
Slovene,sl,http://www.wikidata.org/entity/Q258,South Africa,2400000
Somali,so,http://www.wikidata.org/entity/Q114,Kenya,16200000
Herero,hz,http://www.wikidata.org/entity/Q1030,Namibia,237000
Afar,aa,http://www.wikidata.org/entity/Q115,Ethiopia,1600000
Slovene,sl,http://www.wikidata.org/entity/Q215,Slovenia,2400000
Bokmål,nb,http://www.wikidata.org/entity/Q20,Norway,4000000
Slovak,sk,http://www.wikidata.org/entity/Q218,Romania,6000000
Chewa,ny,http://www.wikidata.org/entity/Q1029,Mozambique,12000000
Vietnamese,vi,http://www.wikidata.org/entity/Q881,Vietnam,76000000
Slovak,sk,http://www.wikidata.org/entity/Q403,Serbia,6000000
Oromo,om,http://www.wikidata.org/entity/Q115,Ethiopia,24000000
Xhosa,xh,http://www.wikidata.org/entity/Q954,Zimbabwe,8177300
Xhosa,xh,http://www.wikidata.org/entity/Q258,South Africa,8177300
Slovak,sk,http://www.wikidata.org/entity/Q28,Hungary,6000000
Chewa,ny,http://www.wikidata.org/entity/Q1020,Malawi,12000000
Hiri Motu,ho,http://www.wikidata.org/entity/Q691,Papua New Guinea,120000
Hiri Motu,ho,http://www.wikidata.org/entity/Q691,Papua New Guinea,180000
Tigrinya,ti,http://www.wikidata.org/entity/Q115,Ethiopia,5800000
Tigrinya,ti,http://www.wikidata.org/entity/Q115,Ethiopia,152000
Tigrinya,ti,http://www.wikidata.org/entity/Q115,Ethiopia,7507780
Yoruba,yo,http://www.wikidata.org/entity/Q1033,Nigeria,37800000
Swazi,ss,http://www.wikidata.org/entity/Q1029,Mozambique,2034200
Walloon,wa,http://www.wikidata.org/entity/Q30,United States of America,600000
Sango,sg,http://www.wikidata.org/entity/Q974,Democratic Republic of the Congo,500000
Sango,sg,http://www.wikidata.org/entity/Q974,Democratic Republic of the Congo,4600000
Sango,sg,http://www.wikidata.org/entity/Q974,Democratic Republic of the Congo,599000
Swazi,ss,http://www.wikidata.org/entity/Q1050,Eswatini,2034200
Northern Ndebele,nd,http://www.wikidata.org/entity/Q963,Botswana,1572800
Shona,sn,http://www.wikidata.org/entity/Q963,Botswana,8300000
Northern Ndebele,nd,http://www.wikidata.org/entity/Q954,Zimbabwe,1572800
Sango,sg,http://www.wikidata.org/entity/Q929,Central African Republic,500000
Sango,sg,http://www.wikidata.org/entity/Q929,Central African Republic,4600000
Sango,sg,http://www.wikidata.org/entity/Q929,Central African Republic,599000
Shona,sn,http://www.wikidata.org/entity/Q954,Zimbabwe,8300000
Tswana,tn,http://www.wikidata.org/entity/Q1030,Namibia,4500000
Wolof,wo,http://www.wikidata.org/entity/Q1025,Mauritania,3700000
Marshallese,mh,http://www.wikidata.org/entity/Q709,Marshall Islands,61000
Marshallese,mh,http://www.wikidata.org/entity/Q709,Marshall Islands,43900
Walloon,wa,http://www.wikidata.org/entity/Q31,Belgium,600000
Ossetian,os,http://www.wikidata.org/entity/Q23427,South Ossetia,599250
Yoruba,yo,http://www.wikidata.org/entity/Q962,Benin,37800000
Tsonga,ts,http://www.wikidata.org/entity/Q954,Zimbabwe,13000000
Tsonga,ts,http://www.wikidata.org/entity/Q954,Zimbabwe,3400000
Tsonga,ts,http://www.wikidata.org/entity/Q954,Zimbabwe,4009000
Tsonga,ts,http://www.wikidata.org/entity/Q258,South Africa,13000000
Tsonga,ts,http://www.wikidata.org/entity/Q258,South Africa,3400000
Tsonga,ts,http://www.wikidata.org/entity/Q258,South Africa,4009000
Sardinian,sc,http://www.wikidata.org/entity/Q38,Italy,1300000
Yoruba,yo,http://www.wikidata.org/entity/Q945,Togo,37800000
Tigrinya,ti,http://www.wikidata.org/entity/Q986,Eritrea,5800000
Tigrinya,ti,http://www.wikidata.org/entity/Q986,Eritrea,152000
Tigrinya,ti,http://www.wikidata.org/entity/Q986,Eritrea,7507780
Walloon,wa,http://www.wikidata.org/entity/Q142,France,600000
Tagalog,tl,http://www.wikidata.org/entity/Q928,Philippines,23600000
Sesotho,st,http://www.wikidata.org/entity/Q258,South Africa,6000000
Shona,sn,http://www.wikidata.org/entity/Q1029,Mozambique,8300000
Marshallese,mh,http://www.wikidata.org/entity/Q30,United States of America,61000
Marshallese,mh,http://www.wikidata.org/entity/Q30,United States of America,43900
Samoan,sm,http://www.wikidata.org/entity/Q408,Australia,169000
Samoan,sm,http://www.wikidata.org/entity/Q408,Australia,415720
Samoan,sm,http://www.wikidata.org/entity/Q408,Australia,413257
Wolof,wo,http://www.wikidata.org/entity/Q1005,The Gambia,3700000
Sango,sg,http://www.wikidata.org/entity/Q657,Chad,4600000
Samoan,sm,http://www.wikidata.org/entity/Q664,New Zealand,169000
Samoan,sm,http://www.wikidata.org/entity/Q664,New Zealand,415720
Samoan,sm,http://www.wikidata.org/entity/Q664,New Zealand,413257
Swazi,ss,http://www.wikidata.org/entity/Q258,South Africa,2034200
Sundanese,su,http://www.wikidata.org/entity/Q252,Indonesia,32400000
Ossetian,os,http://www.wikidata.org/entity/Q230,Georgia,599250
Ossetian,os,http://www.wikidata.org/entity/Q43,Turkey,599250
Tswana,tn,http://www.wikidata.org/entity/Q963,Botswana,4500000
Samoan,sm,http://www.wikidata.org/entity/Q16641,American Samoa,169000
Samoan,sm,http://www.wikidata.org/entity/Q16641,American Samoa,415720
Samoan,sm,http://www.wikidata.org/entity/Q16641,American Samoa,413257
Samoan,sm,http://www.wikidata.org/entity/Q683,Samoa,169000
Samoan,sm,http://www.wikidata.org/entity/Q683,Samoa,415720
Samoan,sm,http://www.wikidata.org/entity/Q683,Samoa,413257
Ossetian,os,http://www.wikidata.org/entity/Q159,Russia,599250
Tsonga,ts,http://www.wikidata.org/entity/Q1029,Mozambique,13000000
Tsonga,ts,http://www.wikidata.org/entity/Q1029,Mozambique,3400000
Tsonga,ts,http://www.wikidata.org/entity/Q1029,Mozambique,4009000
Wolof,wo,http://www.wikidata.org/entity/Q1041,Senegal,3700000
Tswana,tn,http://www.wikidata.org/entity/Q954,Zimbabwe,4500000
Tswana,tn,http://www.wikidata.org/entity/Q258,South Africa,4500000
Shona,sn,http://www.wikidata.org/entity/Q953,Zambia,8300000
Tsonga,ts,http://www.wikidata.org/entity/Q1050,Eswatini,13000000
Tsonga,ts,http://www.wikidata.org/entity/Q1050,Eswatini,3400000
Tsonga,ts,http://www.wikidata.org/entity/Q1050,Eswatini,4009000
Tahitian,ty,http://www.wikidata.org/entity/Q142,France,68000
Marshallese,mh,http://www.wikidata.org/entity/Q697,Nauru,61000
Marshallese,mh,http://www.wikidata.org/entity/Q697,Nauru,43900
Sesotho,st,http://www.wikidata.org/entity/Q1013,Lesotho,6000000
Indonesian,id,http://www.wikidata.org/entity/Q252,Indonesia,43627550
Welsh,cy,http://www.wikidata.org/entity/Q145,United Kingdom,724000
Azerbaijani,az,http://www.wikidata.org/entity/Q30,United States of America,23000000
Korean,ko,http://www.wikidata.org/entity/Q148,People's Republic of China,77300000
Belarusian,be,http://www.wikidata.org/entity/Q159,Russia,7600000
Belarusian,be,http://www.wikidata.org/entity/Q184,Belarus,7600000
Azerbaijani,az,http://www.wikidata.org/entity/Q232,Kazakhstan,23000000
Maltese,mt,http://www.wikidata.org/entity/Q233,Malta,403000
Latvian,lv,http://www.wikidata.org/entity/Q211,Latvia,1500000
Maltese,mt,http://www.wikidata.org/entity/Q233,Malta,482880
Khmer,km,http://www.wikidata.org/entity/Q881,Vietnam,16600000
Luxembourgish,lb,http://www.wikidata.org/entity/Q183,Germany,303000
Luxembourgish,lb,http://www.wikidata.org/entity/Q183,Germany,391200
Maltese,mt,http://www.wikidata.org/entity/Q408,Australia,403000
Maltese,mt,http://www.wikidata.org/entity/Q408,Australia,482880
Kazakh,kk,http://www.wikidata.org/entity/Q813,Kyrgyzstan,12900000
Indonesian,id,http://www.wikidata.org/entity/Q252,Indonesia,198996550
Khmer,km,http://www.wikidata.org/entity/Q424,Cambodia,16600000
Macedonian,mk,http://www.wikidata.org/entity/Q222,Albania,2000000
Kazakh,kk,http://www.wikidata.org/entity/Q874,Turkmenistan,12900000
Macedonian,mk,http://www.wikidata.org/entity/Q219,Bulgaria,2000000
Estonian,et,http://www.wikidata.org/entity/Q191,Estonia,1251770
Scottish Gaelic,gd,http://www.wikidata.org/entity/Q30,United States of America,57000
Scottish Gaelic,gd,http://www.wikidata.org/entity/Q30,United States of America,60130
Kazakh,kk,http://www.wikidata.org/entity/Q265,Uzbekistan,12900000
Belarusian,be,http://www.wikidata.org/entity/Q16,Canada,7600000
Azerbaijani,az,http://www.wikidata.org/entity/Q796,Iraq,23000000
Azerbaijani,az,http://www.wikidata.org/entity/Q813,Kyrgyzstan,23000000
Kazakh,kk,http://www.wikidata.org/entity/Q148,People's Republic of China,12900000
Kazakh,kk,http://www.wikidata.org/entity/Q183,Germany,12900000
Irish,ga,http://www.wikidata.org/entity/Q145,United Kingdom,1030000
Irish,ga,http://www.wikidata.org/entity/Q145,United Kingdom,141000
Irish,ga,http://www.wikidata.org/entity/Q145,United Kingdom,276310
Azerbaijani,az,http://www.wikidata.org/entity/Q874,Turkmenistan,23000000
Kazakh,kk,http://www.wikidata.org/entity/Q43,Turkey,12900000
Belarusian,be,http://www.wikidata.org/entity/Q36,Poland,7600000
Kazakh,kk,http://www.wikidata.org/entity/Q227,Azerbaijan,12900000
Azerbaijani,az,http://www.wikidata.org/entity/Q265,Uzbekistan,23000000
Korean,ko,http://www.wikidata.org/entity/Q884,South Korea,77300000
Kazakh,kk,http://www.wikidata.org/entity/Q159,Russia,12900000
Azerbaijani,az,http://www.wikidata.org/entity/Q183,Germany,23000000
Azerbaijani,az,http://www.wikidata.org/entity/Q230,Georgia,23000000
Galician,gl,http://www.wikidata.org/entity/Q45,Portugal,2500000
Azerbaijani,az,http://www.wikidata.org/entity/Q43,Turkey,23000000
Maltese,mt,http://www.wikidata.org/entity/Q16,Canada,403000
Maltese,mt,http://www.wikidata.org/entity/Q16,Canada,482880
Lao,lo,http://www.wikidata.org/entity/Q819,Laos,5225552
Belarusian,be,http://www.wikidata.org/entity/Q212,Ukraine,7600000
Azerbaijani,az,http://www.wikidata.org/entity/Q227,Azerbaijan,23000000
Macedonian,mk,http://www.wikidata.org/entity/Q221,North Macedonia,2000000
Azerbaijani,az,http://www.wikidata.org/entity/Q159,Russia,23000000
Galician,gl,http://www.wikidata.org/entity/Q29,Spain,2500000
Maltese,mt,http://www.wikidata.org/entity/Q145,United Kingdom,403000
Maltese,mt,http://www.wikidata.org/entity/Q145,United Kingdom,482880
Azerbaijani,az,http://www.wikidata.org/entity/Q889,Afghanistan,23000000
Korean,ko,http://www.wikidata.org/entity/Q423,North Korea,77300000
Belarusian,be,http://www.wikidata.org/entity/Q211,Latvia,7600000
Belarusian,be,http://www.wikidata.org/entity/Q37,Lithuania,7600000
Lithuanian,lt,http://www.wikidata.org/entity/Q184,Belarus,4000000
Scottish Gaelic,gd,http://www.wikidata.org/entity/Q408,Australia,57000
Scottish Gaelic,gd,http://www.wikidata.org/entity/Q408,Australia,60130
Scottish Gaelic,gd,http://www.wikidata.org/entity/Q664,New Zealand,57000
Scottish Gaelic,gd,http://www.wikidata.org/entity/Q664,New Zealand,60130
Mongolian,mn,http://www.wikidata.org/entity/Q711,Mongolia,5200000
Hungarian,hu,http://www.wikidata.org/entity/Q218,Romania,12600000
Hungarian,hu,http://www.wikidata.org/entity/Q403,Serbia,12600000
Kazakh,kk,http://www.wikidata.org/entity/Q212,Ukraine,12900000
Hungarian,hu,http://www.wikidata.org/entity/Q40,Austria,12600000
Kyrgyz,ky,http://www.wikidata.org/entity/Q813,Kyrgyzstan,4568480
Azerbaijani,az,http://www.wikidata.org/entity/Q858,Syria,23000000
Lao,lo,http://www.wikidata.org/entity/Q424,Cambodia,5225552
Lithuanian,lt,http://www.wikidata.org/entity/Q36,Poland,4000000
Belarusian,be,http://www.wikidata.org/entity/Q30,United States of America,7600000
Kazakh,kk,http://www.wikidata.org/entity/Q794,Iran,12900000
Hungarian,hu,http://www.wikidata.org/entity/Q28,Hungary,12600000
Scottish Gaelic,gd,http://www.wikidata.org/entity/Q16,Canada,57000
Scottish Gaelic,gd,http://www.wikidata.org/entity/Q16,Canada,60130
Azerbaijani,az,http://www.wikidata.org/entity/Q212,Ukraine,23000000
Kazakh,kk,http://www.wikidata.org/entity/Q711,Mongolia,12900000
Kyrgyz,ky,http://www.wikidata.org/entity/Q863,Tajikistan,4568480
Kyrgyz,ky,http://www.wikidata.org/entity/Q148,People's Republic of China,4568480
Manx,gv,http://www.wikidata.org/entity/Q9676,Isle of Man,0
Macedonian,mk,http://www.wikidata.org/entity/Q1246,Kosovo,2000000
Welsh,cy,http://www.wikidata.org/entity/Q414,Argentina,724000
Azerbaijani,az,http://www.wikidata.org/entity/Q794,Iran,23000000
Irish,ga,http://www.wikidata.org/entity/Q27,Republic of Ireland,1030000
Irish,ga,http://www.wikidata.org/entity/Q27,Republic of Ireland,141000
Irish,ga,http://www.wikidata.org/entity/Q27,Republic of Ireland,276310
Maltese,mt,http://www.wikidata.org/entity/Q30,United States of America,403000
Maltese,mt,http://www.wikidata.org/entity/Q30,United States of America,482880
Scottish Gaelic,gd,http://www.wikidata.org/entity/Q145,United Kingdom,57000
Scottish Gaelic,gd,http://www.wikidata.org/entity/Q145,United Kingdom,60130
Lithuanian,lt,http://www.wikidata.org/entity/Q37,Lithuania,4000000
Azerbaijani,az,http://www.wikidata.org/entity/Q399,Armenia,23000000
Hungarian,hu,http://www.wikidata.org/entity/Q224,Croatia,12600000
Hungarian,hu,http://www.wikidata.org/entity/Q214,Slovakia,12600000
Czech,cs,http://www.wikidata.org/entity/Q213,Czech Republic,10700000
Kazakh,kk,http://www.wikidata.org/entity/Q232,Kazakhstan,12900000
Hungarian,hu,http://www.wikidata.org/entity/Q212,Ukraine,12600000
Hungarian,hu,http://www.wikidata.org/entity/Q215,Slovenia,12600000
Corsican,co,http://www.wikidata.org/entity/Q38,Italy,151000
Twi,tw,http://www.wikidata.org/entity/Q117,Ghana,3000000
Corsican,co,http://www.wikidata.org/entity/Q142,France,151000
Dzongkha,dz,http://www.wikidata.org/entity/Q917,Bhutan,237080
Chamorro,ch,http://www.wikidata.org/entity/Q30,United States of America,64300
Pashto,ps,http://www.wikidata.org/entity/Q889,Afghanistan,39000000
Bambara,bm,http://www.wikidata.org/entity/Q912,Mali,2700000
Pashto,ps,http://www.wikidata.org/entity/Q668,India,39000000
Pashto,ps,http://www.wikidata.org/entity/Q843,Pakistan,39000000
Pali,pi,http://www.wikidata.org/entity/Q668,India,0
Fijian,fj,http://www.wikidata.org/entity/Q712,Fiji,10000
Fijian,fj,http://www.wikidata.org/entity/Q712,Fiji,20000
Fijian,fj,http://www.wikidata.org/entity/Q712,Fiji,1500
Bambara,bm,http://www.wikidata.org/entity/Q1008,Ivory Coast,2700000
Southern Ndebele,nr,http://www.wikidata.org/entity/Q258,South Africa,640000
Avar,av,http://www.wikidata.org/entity/Q230,Georgia,715000
Avar,av,http://www.wikidata.org/entity/Q230,Georgia,766500
Arabic,ar,http://www.wikidata.org/entity/Q657,Chad,295000000
Arabic,ar,http://www.wikidata.org/entity/Q657,Chad,315421300
Avar,av,http://www.wikidata.org/entity/Q227,Azerbaijan,715000
Avar,av,http://www.wikidata.org/entity/Q227,Azerbaijan,766500
Arabic,ar,http://www.wikidata.org/entity/Q1028,Morocco,295000000
Arabic,ar,http://www.wikidata.org/entity/Q79,Egypt,295000000
Ewe,ee,http://www.wikidata.org/entity/Q117,Ghana,3000000
Arabic,ar,http://www.wikidata.org/entity/Q1028,Morocco,315421300
Arabic,ar,http://www.wikidata.org/entity/Q842,Oman,295000000
Arabic,ar,http://www.wikidata.org/entity/Q79,Egypt,315421300
Avar,av,http://www.wikidata.org/entity/Q159,Russia,715000
Avar,av,http://www.wikidata.org/entity/Q159,Russia,766500
Arabic,ar,http://www.wikidata.org/entity/Q842,Oman,315421300
Inuktitut,iu,http://www.wikidata.org/entity/Q16,Canada,39770
Ewe,ee,http://www.wikidata.org/entity/Q945,Togo,3000000
Faroese,fo,http://www.wikidata.org/entity/Q4628,Faroe Islands,69150
Arabic,ar,http://www.wikidata.org/entity/Q858,Syria,295000000
Arabic,ar,http://www.wikidata.org/entity/Q805,Yemen,295000000
Cornish,kw,http://www.wikidata.org/entity/Q145,United Kingdom,0
Cornish,kw,http://www.wikidata.org/entity/Q145,United Kingdom,600
Arabic,ar,http://www.wikidata.org/entity/Q858,Syria,315421300
Arabic,ar,http://www.wikidata.org/entity/Q805,Yemen,315421300
Inupiaq,ik,http://www.wikidata.org/entity/Q30,United States of America,5580
Dzongkha,dz,http://www.wikidata.org/entity/Q917,Bhutan,171000
Arabic,ar,http://www.wikidata.org/entity/Q846,Qatar,295000000
Arabic,ar,http://www.wikidata.org/entity/Q846,Qatar,315421300
Arabic,ar,http://www.wikidata.org/entity/Q1025,Mauritania,295000000
Arabic,ar,http://www.wikidata.org/entity/Q851,Saudi Arabia,295000000
Bashkir,ba,http://www.wikidata.org/entity/Q212,Ukraine,1200000
Arabic,ar,http://www.wikidata.org/entity/Q1025,Mauritania,315421300
Arabic,ar,http://www.wikidata.org/entity/Q958,South Sudan,295000000
Arabic,ar,http://www.wikidata.org/entity/Q794,Iran,295000000
Arabic,ar,http://www.wikidata.org/entity/Q851,Saudi Arabia,315421300
Assamese,as,http://www.wikidata.org/entity/Q668,India,15300000
Arabic,ar,http://www.wikidata.org/entity/Q958,South Sudan,315421300
Arabic,ar,http://www.wikidata.org/entity/Q794,Iran,315421300
Arabic,ar,http://www.wikidata.org/entity/Q219060,State of Palestine,295000000
Arabic,ar,http://www.wikidata.org/entity/Q262,Algeria,295000000
Arabic,ar,http://www.wikidata.org/entity/Q219060,State of Palestine,315421300
Arabic,ar,http://www.wikidata.org/entity/Q948,Tunisia,295000000
Arabic,ar,http://www.wikidata.org/entity/Q262,Algeria,315421300
Arabic,ar,http://www.wikidata.org/entity/Q948,Tunisia,315421300
Arabic,ar,http://www.wikidata.org/entity/Q1032,Niger,295000000
Arabic,ar,http://www.wikidata.org/entity/Q1032,Niger,315421300
Afrikaans,af,http://www.wikidata.org/entity/Q963,Botswana,7200000
Afrikaans,af,http://www.wikidata.org/entity/Q963,Botswana,10300000
Arabic,ar,http://www.wikidata.org/entity/Q817,Kuwait,295000000
Arabic,ar,http://www.wikidata.org/entity/Q817,Kuwait,315421300
Afrikaans,af,http://www.wikidata.org/entity/Q258,South Africa,7200000
Afrikaans,af,http://www.wikidata.org/entity/Q258,South Africa,10300000
West Frisian,fy,http://www.wikidata.org/entity/Q55,Netherlands,843000
West Frisian,fy,http://www.wikidata.org/entity/Q55,Netherlands,845100
Bashkir,ba,http://www.wikidata.org/entity/Q232,Kazakhstan,1200000
Greenlandic,kl,http://www.wikidata.org/entity/Q756617,Kingdom of Denmark,56200
Arabic,ar,http://www.wikidata.org/entity/Q970,Comoros,295000000
Manx,gv,http://www.wikidata.org/entity/Q9676,Isle of Man,20
Manx,gv,http://www.wikidata.org/entity/Q9676,Isle of Man,284
Manx,gv,http://www.wikidata.org/entity/Q9676,Isle of Man,12350
Manx,gv,http://www.wikidata.org/entity/Q9676,Isle of Man,1527
Manx,gv,http://www.wikidata.org/entity/Q9676,Isle of Man,1823
Manx,gv,http://www.wikidata.org/entity/Q9676,Isle of Man,2382
Akan,ak,http://www.wikidata.org/entity/Q1008,Ivory Coast,11000000
Arabic,ar,http://www.wikidata.org/entity/Q970,Comoros,315421300
Arabic,ar,http://www.wikidata.org/entity/Q796,Iraq,295000000
Inupiaq,ik,http://www.wikidata.org/entity/Q16,Canada,5580
Arabic,ar,http://www.wikidata.org/entity/Q796,Iraq,315421300
Arabic,ar,http://www.wikidata.org/entity/Q1016,Libya,295000000
Arabic,ar,http://www.wikidata.org/entity/Q398,Bahrain,295000000
Arabic,ar,http://www.wikidata.org/entity/Q801,Israel,295000000
Arabic,ar,http://www.wikidata.org/entity/Q878,United Arab Emirates,295000000
Arabic,ar,http://www.wikidata.org/entity/Q912,Mali,295000000
Arabic,ar,http://www.wikidata.org/entity/Q1049,Sudan,295000000
Arabic,ar,http://www.wikidata.org/entity/Q1016,Libya,315421300
Arabic,ar,http://www.wikidata.org/entity/Q398,Bahrain,315421300
Arabic,ar,http://www.wikidata.org/entity/Q801,Israel,315421300
Arabic,ar,http://www.wikidata.org/entity/Q878,United Arab Emirates,315421300
Arabic,ar,http://www.wikidata.org/entity/Q912,Mali,315421300
Arabic,ar,http://www.wikidata.org/entity/Q1049,Sudan,315421300
Faroese,fo,http://www.wikidata.org/entity/Q756617,Kingdom of Denmark,69150
Arabic,ar,http://www.wikidata.org/entity/Q810,Jordan,295000000
Arabic,ar,http://www.wikidata.org/entity/Q1045,Somalia,295000000
Arabic,ar,http://www.wikidata.org/entity/Q986,Eritrea,295000000
Arabic,ar,http://www.wikidata.org/entity/Q810,Jordan,315421300
Arabic,ar,http://www.wikidata.org/entity/Q977,Djibouti,295000000
Arabic,ar,http://www.wikidata.org/entity/Q1045,Somalia,315421300
Bashkir,ba,http://www.wikidata.org/entity/Q191,Estonia,1200000
Arabic,ar,http://www.wikidata.org/entity/Q986,Eritrea,315421300
Akan,ak,http://www.wikidata.org/entity/Q117,Ghana,11000000
Arabic,ar,http://www.wikidata.org/entity/Q977,Djibouti,315421300
Arabic,ar,http://www.wikidata.org/entity/Q822,Lebanon,295000000
Dzongkha,dz,http://www.wikidata.org/entity/Q668,India,171000
Dzongkha,dz,http://www.wikidata.org/entity/Q668,India,237080
Arabic,ar,http://www.wikidata.org/entity/Q889,Afghanistan,295000000
Afrikaans,af,http://www.wikidata.org/entity/Q1030,Namibia,7200000
Afrikaans,af,http://www.wikidata.org/entity/Q1030,Namibia,10300000
Arabic,ar,http://www.wikidata.org/entity/Q822,Lebanon,315421300
Bashkir,ba,http://www.wikidata.org/entity/Q159,Russia,1200000
Arabic,ar,http://www.wikidata.org/entity/Q889,Afghanistan,315421300
